"diff","lwr","upr","p adj","comparison","feature_id"
1.35654407998304,0.40783864525772,2.30524951470836,0.010985248117708,"WRN-WT","Acetyl-D-alanine"
1.61763298476621,0.668927550040887,2.56633841949153,0.00469702539436101,"shPGC-WT","Acetyl-D-alanine"
1.51243460782949,1.12035317603712,1.90451603962187,5.42752741030661e-05,"WRN-WT","Adenosine 5'-monophosphate"
1.72549283924389,1.33341140745152,2.11757427103627,2.5075447992684e-05,"shPGC-WT","Adenosine 5'-monophosphate"
3.51219047080663,1.86250085209854,5.16188008951472,0.00149532768669125,"WRN-WT","Taurine"
3.72301086026541,2.07332124155731,5.3727004789735,0.00109523404401024,"shPGC-WT","Taurine"
4.08040040103533,2.636526644712,5.52427415735865,0.000318814914150534,"WRN-WT","Creatine"
3.68170875984075,2.23783500351743,5.12558251616408,0.00056373963393308,"shPGC-WT","Creatine"
1.6137877387615,0.220782054323461,3.00679342319954,0.0278539731193314,"WRN-WT","Myoinositol"
2.07867351709571,0.685667832657669,3.47167920153375,0.0089893422125249,"shPGC-WT","Myoinositol"
3.58424484294321,1.54173749192962,5.62675219395679,0.00406696859397127,"shPGC-WT","Xanthosine"
2.04610182106076,0.00359447004717151,4.08860917207434,0.0496687816677164,"shPGC-WRN","Xanthosine"
2.56293638479627,1.02685592769288,4.09901684189966,0.00523170003809925,"WRN-WT","Phenylac-Gly-OH"
2.37661117273595,0.840530715632558,3.91269162983934,0.00756255868060995,"shPGC-WT","Phenylac-Gly-OH"
1.14455293191192,0.909786200033044,1.3793196637908,1.35163353800483e-05,"WRN-WT","Uridine-5'-phosphoric acid"
1.6993529265475,1.46458619466863,1.93411965842638,1.39768831020071e-06,"shPGC-WT","Uridine-5'-phosphoric acid"
0.554799994635581,0.320033262756702,0.789566726514461,0.000854001513915015,"shPGC-WRN","Uridine-5'-phosphoric acid"
1.71779945604102,0.235290087584769,3.20030882449728,0.0278321884564966,"WRN-WT","Pantothenic acid"
1.86122821417208,0.378718845715821,3.34373758262833,0.019763373809417,"shPGC-WT","Pantothenic acid"
6.7549734264357,6.01307226446318,7.49687458840822,5.30845249757661e-07,"WRN-WT","Xanthine"
6.49247485175802,5.75057368978549,7.23437601373054,6.33337073230322e-07,"shPGC-WT","Xanthine"
2.18958487077808,1.60163202894867,2.77753771260748,6.65145210816398e-05,"WRN-WT","sn-glycero-3-Phosphocholine"
1.07740440460633,0.489451562776924,1.66535724643574,0.00326575707614551,"shPGC-WT","sn-glycero-3-Phosphocholine"
-1.11218046617175,-1.70013330800115,-0.52422762434234,0.00277505737476091,"shPGC-WRN","sn-glycero-3-Phosphocholine"
-1.98669476075975,-2.62005408773071,-1.35333543378879,0.000177315418122603,"WRN-WT","2-Methylsuccinic acid"
-2.23523947278202,-2.86859879975298,-1.60188014581106,9.06012193788719e-05,"shPGC-WT","2-Methylsuccinic acid"
1.41311024411976,0.618917817421669,2.20730267081786,0.00379245786903049,"shPGC-WT","Pseudouridine"
2.05726537149738,0.560952762777924,3.55357798021684,0.0131647559545599,"WRN-WT","6-Chloro-5-methyl-1H-1,2,3-benzotriazole"
3.176587074125,1.68027446540555,4.67289968284446,0.00151810234012983,"shPGC-WT","6-Chloro-5-methyl-1H-1,2,3-benzotriazole"
-1.52882239031112,-2.35181919028809,-0.705825590334148,0.00304584924950468,"shPGC-WRN","Phosphoric acid"
-1.52882239031112,-2.35181919028809,-0.705825590334148,0.00304584924950468,"shPGC-WRN","Phosphoric acid"
-1.77477913652522,-2.1420694222824,-1.40748885076804,1.42736518451425e-05,"shPGC-WT","D-ribose 5-phosphate"
-1.57914623300105,-1.94643651875823,-1.21185594724387,2.87900263589158e-05,"shPGC-WRN","D-ribose 5-phosphate"
-0.774440616680877,-1.15988088453472,-0.389000348827038,0.00202891047239984,"WRN-WT","2,4-Dinitrophenol"
0.456146923133145,0.0707066552793056,0.841587190986983,0.0254714786994426,"shPGC-WRN","2,4-Dinitrophenol"
4.01448556672775,2.6931758816705,5.33579525178499,0.000212332721977071,"WRN-WT","DL-Alanine"
3.65956644187675,2.33825675681951,4.980876126934,0.000356727073287155,"shPGC-WT","DL-Alanine"
1.61520939461964,0.357629517272475,2.87278927196681,0.0178816736765178,"WRN-WT","cis-Aconitic acid"
1.61517087303564,0.357590995688477,2.87275075038281,0.0178835586430965,"shPGC-WT","cis-Aconitic acid"
4.62535470042716,3.48018713281347,5.77052226804085,4.15433305858137e-05,"WRN-WT","Phenol sulphate"
2.56378989855039,1.41862233093671,3.70895746616408,0.00114337787908303,"shPGC-WT","Phenol sulphate"
-2.06156480187676,-3.20673236949045,-0.916397234263076,0.00357439648590407,"shPGC-WRN","Phenol sulphate"
-1.51079529416207,-2.3428803102576,-0.678710278066547,0.00342257688213654,"shPGC-WRN","Pyrophosphate"
1.53651874261409,0.733385044046325,2.33965244118186,0.00261766190438695,"WRN-WT","Meglumine"
1.69263865537314,0.889504956805377,2.49577235394091,0.00157781719208872,"shPGC-WT","Meglumine"
1.97603728676203,0.745173436605797,3.20690113691825,0.00632294712392278,"WRN-WT","Glycerylphosphorylethanolamine"
1.91895609583191,0.688092245675679,3.14981994598814,0.00728973573588498,"shPGC-WT","Glycerylphosphorylethanolamine"
-1.45371016591012,-2.27929907517628,-0.628121256643957,0.00399776651465789,"shPGC-WT","Phosphorus(V) sulfide"
-1.28059480433898,-2.10618371360514,-0.455005895072823,0.00747058475492879,"shPGC-WRN","Phosphorus(V) sulfide"
3.21804597116467,2.36865582932758,4.06743611300177,6.02307761610188e-05,"WRN-WT","3,5-Dichloro-2-methylmuconate"
3.3546522770795,2.50526213524241,4.20404241891659,4.73356090398003e-05,"shPGC-WT","3,5-Dichloro-2-methylmuconate"
3.63242509128986,2.72224677681552,4.5426034057642,4.45490034362006e-05,"WRN-WT","MQD"
3.13279581066647,2.22261749619213,4.04297412514081,0.000104556619826335,"shPGC-WT","MQD"
5.30316154542915,4.7361668054582,5.87015628540011,4.6796266017779e-07,"WRN-WT","3,5-Dichloro-2-hydroxybenzenesulfonic acid"
2.59644374392661,2.02944900395565,3.16343848389756,1.97723764272517e-05,"shPGC-WT","3,5-Dichloro-2-hydroxybenzenesulfonic acid"
-2.70671780150254,-3.2737125414735,-2.13972306153159,1.53715828592471e-05,"shPGC-WRN","3,5-Dichloro-2-hydroxybenzenesulfonic acid"
1.09987840790864,0.124003288169027,2.07575352764825,0.031207927756327,"WRN-WT","Glycerophosphoglycerol"
1.67590337814566,0.70002825840605,2.65177849788527,0.0045322792113861,"shPGC-WT","Glycerophosphoglycerol"
-0.772877714949724,-0.9780021772847,-0.567753252614748,6.21777622460407e-05,"WRN-WT","PL1B"
0.407958692550558,0.202834230215582,0.613083154885534,0.00214006400108113,"shPGC-WT","PL1B"
1.18083640750028,0.975711945165306,1.38596086983526,4.80559952920068e-06,"shPGC-WRN","PL1B"
-0.761528932223593,-1.34501980953556,-0.178038054911631,0.0166541472204923,"WRN-WT","16-Hydroxyhexadecanoic acid"
-0.744209459794743,-1.3277003371067,-0.160718582482781,0.0184410133023427,"shPGC-WT","16-Hydroxyhexadecanoic acid"
1.97420631218401,0.423031635958294,3.52538098840972,0.0186154937579882,"WRN-WT","2'-amino-2'-deoxyguanosine"
2.13350245384598,0.582327777620264,3.68467713007169,0.0131419788604153,"shPGC-WT","2'-amino-2'-deoxyguanosine"
1.9373755759959,1.67511505323346,2.19963609875834,1.2791878261087e-06,"WRN-WT","D-Sedoheptulose 7-phosphate"
1.4419115647983,1.17965104203586,1.70417208756074,6.39735461227531e-06,"shPGC-WT","D-Sedoheptulose 7-phosphate"
-0.495464011197605,-0.757724533960046,-0.233203488435165,0.00279332669252885,"shPGC-WRN","D-Sedoheptulose 7-phosphate"
-0.575230909763639,-1.11892354424299,-0.0315382752842853,0.04023070481631,"shPGC-WT","(E)-4,4',alpha,beta-Tetrachlorostilbene"
-0.908645286038059,-1.45233792051741,-0.364952651558706,0.00518911047027781,"shPGC-WRN","(E)-4,4',alpha,beta-Tetrachlorostilbene"
-0.533585209662996,-1.03934093076501,-0.0278294885609801,0.0406792537458865,"WRN-WT","5,6-Epoxy-8,11,14-eicosatrienoic acid"
0.748690113633861,0.242934392531845,1.25444583473588,0.00933610775282934,"shPGC-WRN","5,6-Epoxy-8,11,14-eicosatrienoic acid"
1.34314313116809,0.534652235803627,2.15163402653256,0.00534470790179808,"WRN-WT","N-Heptafluorobutyrylproline"
1.43329271944213,0.624801824077667,2.2417836148066,0.00386329153928266,"shPGC-WT","N-Heptafluorobutyrylproline"
1.54354572440157,0.731444487532368,2.35564696127077,0.00270752762669313,"shPGC-WT","Inosinic acid"
2.45112792813671,2.13486187712224,2.76739397915119,1.04670837708376e-06,"WRN-WT","N-Palmitoyltaurine"
1.73817250624435,1.42190645522988,2.05443855725882,6.41261737466259e-06,"shPGC-WT","N-Palmitoyltaurine"
-0.712955421892361,-1.02922147290683,-0.396689370877888,0.00110179013218104,"shPGC-WRN","N-Palmitoyltaurine"
1.32390116543177,0.587879809421106,2.05992252144244,0.00358957797940318,"WRN-WT","Guanosine monophosphate"
1.80945347415588,1.07343211814522,2.54547483016655,0.000688715927764094,"shPGC-WT","Guanosine monophosphate"
1.35035958724074,0.52278245457152,2.17793671990996,0.00583952022588252,"WRN-WT","5-phospho-alpha-D-ribose 1-diphosphate"
1.592008074741,0.764430942071781,2.41958520741022,0.00254434521849678,"shPGC-WT","5-phospho-alpha-D-ribose 1-diphosphate"
3.19454699950987,2.18503176679732,4.20406223222242,0.000168710483018808,"WRN-WT","N-linoleoyl taurine"
2.82030476456618,1.81078953185363,3.82981999727873,0.000339931105183489,"shPGC-WT","N-linoleoyl taurine"
2.20264976354402,1.77477595104379,2.63052357604425,9.65412203690619e-06,"WRN-WT","Oleoyltaurine"
1.5681903205339,1.14031650803367,1.99606413303413,7.29253890479065e-05,"shPGC-WT","Oleoyltaurine"
-0.634459443010122,-1.06233325551035,-0.206585630509891,0.00926252172617703,"shPGC-WRN","Oleoyltaurine"
2.77270370489264,1.04535935109963,4.50004805868564,0.00632725345436325,"WRN-WT","Roflumilast N-oxide"
2.70018905681878,0.972844703025779,4.42753341061178,0.0071962908037364,"shPGC-WT","Roflumilast N-oxide"
2.84164462527104,2.45526123419151,3.22802801635057,1.30389267938291e-06,"WRN-WT","a-L-Fucopyranosyl-(1->2)-b-D-galactopyranosyl-(1->2)-D-xylose"
1.02158630179947,0.635202910719944,1.407969692879,0.000461622635021364,"shPGC-WT","a-L-Fucopyranosyl-(1->2)-b-D-galactopyranosyl-(1->2)-D-xylose"
-1.82005832347156,-2.20644171455109,-1.43367493239203,1.66712459823692e-05,"shPGC-WRN","a-L-Fucopyranosyl-(1->2)-b-D-galactopyranosyl-(1->2)-D-xylose"
4.08126320425347,1.8978453636061,6.26468104490085,0.002950340367875,"WRN-WT","Merochlorin D"
3.5978451112657,1.41442727061833,5.78126295191308,0.005564166584478,"shPGC-WT","Merochlorin D"
3.47238054334042,0.701021291034818,6.24373979564601,0.0199364449743078,"WRN-WT","7,8,4'-Trihydroxy-3',5'-dimethoxyflavanone 4'-O-glucoside"
3.28743560891647,0.516076356610871,6.05879486122207,0.0252207188561299,"shPGC-WT","7,8,4'-Trihydroxy-3',5'-dimethoxyflavanone 4'-O-glucoside"
-1.78143874366705,-2.25365113090357,-1.30922635643052,6.17327033545223e-05,"WRN-WT","N-[(4E,8E)-1,3-dihydroxyoctadeca-4,8-dien-2-yl]hexadecanamide"
-2.04528965907041,-2.51750204630693,-1.57307727183388,2.75607312776316e-05,"shPGC-WT","N-[(4E,8E)-1,3-dihydroxyoctadeca-4,8-dien-2-yl]hexadecanamide"
-0.966922946708192,-1.52130322276109,-0.412542670655298,0.00419368995994995,"WRN-WT","Cer(d18:1/16:0)"
-1.01097423333202,-1.56535450938492,-0.456593957279131,0.00334741325792454,"shPGC-WT","Cer(d18:1/16:0)"
-2.83237930769893,-3.56091769650804,-2.10384091888982,5.18686207682251e-05,"WRN-WT","{[2-Amino-4-oxo-6,7-di(sulfanyl-kappaS)-3,5,5a,8,9a,10-hexahydro-4H-pyrano[3,2-g]pteridin-8-yl]methyl dihydrogenato(2-) phosphate}(oxo)thioxomolybdenum"
-1.74774268629068,-2.47628107509979,-1.01920429748157,0.000787064660051739,"shPGC-WT","{[2-Amino-4-oxo-6,7-di(sulfanyl-kappaS)-3,5,5a,8,9a,10-hexahydro-4H-pyrano[3,2-g]pteridin-8-yl]methyl dihydrogenato(2-) phosphate}(oxo)thioxomolybdenum"
1.08463662140825,0.356098232599141,1.81317501021736,0.0090881463450142,"shPGC-WRN","{[2-Amino-4-oxo-6,7-di(sulfanyl-kappaS)-3,5,5a,8,9a,10-hexahydro-4H-pyrano[3,2-g]pteridin-8-yl]methyl dihydrogenato(2-) phosphate}(oxo)thioxomolybdenum"
-1.75241667666875,-2.75843544746972,-0.746397905867779,0.00422058672850101,"WRN-WT","1-(2-methoxy-octadecanyl)-sn-glycero-3-phosphoserine"
-1.2961107154334,-2.30212948623437,-0.290091944632428,0.0176387869580124,"shPGC-WT","1-(2-methoxy-octadecanyl)-sn-glycero-3-phosphoserine"
2.18251124391524,1.613250921397,2.75177156643347,5.62306935403267e-05,"WRN-WT","Mindapyrrole A"
1.26452531025557,0.695264987737336,1.83378563277381,0.00119234633177256,"shPGC-WT","Mindapyrrole A"
-0.917985933659663,-1.4872462561779,-0.348725611141425,0.0061864671277736,"shPGC-WRN","Mindapyrrole A"
-1.35258228233301,-1.93273903999942,-0.772425524666602,0.000919016522378246,"WRN-WT","Cer(t18:1(6OH)/15:0(2OH))"
-1.37120129527176,-1.95135805293816,-0.79104453760535,0.00085340470663231,"shPGC-WT","Cer(t18:1(6OH)/15:0(2OH))"
0.466979803656843,0.0737423128659236,0.860217294447763,0.0251033837109187,"shPGC-WT","Octacosanoylcarnitine"
0.519143133345544,0.125905642554625,0.912380624136464,0.0158221088570963,"shPGC-WRN","Octacosanoylcarnitine"
-2.66864695119066,-4.10928154438034,-1.22801235800098,0.00309003209691039,"WRN-WT","1-Heneicosanoyl-glycero-3-phosphoserine"
2.37573250427008,1.39119789326203,3.36026711527814,0.00076238894202918,"shPGC-WT","Cer(d18:0/h17:0)"
1.8373499576227,0.852815346614645,2.82188456863075,0.0029747267432807,"shPGC-WRN","Cer(d18:0/h17:0)"
1.52521888028476,0.358649894210058,2.69178786635946,0.0165231147111187,"shPGC-WT","Cer(t18:1(6OH)/19:0)"
1.69446221504094,0.527893228966244,2.86103120111564,0.0102082817003449,"shPGC-WRN","Cer(t18:1(6OH)/19:0)"
-0.54437963443174,-0.889085188309583,-0.199674080553897,0.00684890541486571,"WRN-WT","Lonchocarpin"
0.52451519211877,0.179809638240927,0.869220745996613,0.00819159100071309,"shPGC-WRN","Lonchocarpin"
0.421387703789549,0.0261759295047628,0.816599478074335,0.0390209508549805,"WRN-WT","Cer(d18:2/25:0(2OH))"
0.531549788972168,0.136338014687382,0.926761563256954,0.0145501632266978,"shPGC-WT","Cer(d18:2/25:0(2OH))"
0.725463332515685,0.34943737731147,1.1014892877199,0.00250640333171648,"WRN-WT","Cer(t18:1(6OH)/25:0)"
1.28784399122164,0.911818036017425,1.66386994642585,0.000107571749732305,"shPGC-WT","Cer(t18:1(6OH)/25:0)"
0.562380658705955,0.18635470350174,0.93840661391017,0.00889369701838993,"shPGC-WRN","Cer(t18:1(6OH)/25:0)"
-3.40774961530339,-3.9638887883385,-2.85161044226828,3.29664254050677e-06,"WRN-WT","GlcCer(d18:1/16:0)"
-3.36889749705417,-3.92503667008928,-2.81275832401906,3.52745432352641e-06,"shPGC-WT","GlcCer(d18:1/16:0)"
0.843874330103482,0.131615725990637,1.55613293421633,0.0253497718403789,"shPGC-WT","PG(16:0/16:1(9Z))"
1.13509138091473,0.422832776801883,1.84734998502757,0.00655357312497373,"shPGC-WRN","PG(16:0/16:1(9Z))"
-1.10882693580461,-1.90945099929721,-0.30820287231201,0.0127322844739953,"WRN-WT","Myxoquinone-739"
-3.83403460486306,-4.64514273748656,-3.02292647223957,1.63229513245877e-05,"WRN-WT","Termitomycesphin C"
-4.06081425146481,-4.8719223840883,-3.24970611884132,1.14761601130997e-05,"shPGC-WT","Termitomycesphin C"
-1.32642281240041,-2.28379191443,-0.369053710370808,0.0127097787378827,"WRN-WT","PC(15:0/18:1(11Z))"
-1.3832944994291,-2.09506627475714,-0.671522724101072,0.00241318510483468,"WRN-WT","PE(P-16:0/22:6(4Z,7Z,10Z,13Z,16Z,19Z))"
-1.59034164721857,-2.3021134225466,-0.878569871890537,0.00115564301991866,"shPGC-WT","PE(P-16:0/22:6(4Z,7Z,10Z,13Z,16Z,19Z))"
-1.3832944994291,-2.09506627475714,-0.671522724101072,0.00241318510483468,"WRN-WT","PE(P-16:0/22:6(4Z,7Z,10Z,13Z,16Z,19Z))"
-1.59034164721857,-2.3021134225466,-0.878569871890537,0.00115564301991866,"shPGC-WT","PE(P-16:0/22:6(4Z,7Z,10Z,13Z,16Z,19Z))"
-1.53168596275005,-2.00689006675095,-1.05648185874915,0.000151988991968333,"WRN-WT","SM(d17:1/18:1(12Z)-2OH(9,10))"
-1.23952699894529,-1.71473110294619,-0.764322894944393,0.000497486017000393,"shPGC-WT","SM(d17:1/18:1(12Z)-2OH(9,10))"
-1.53168596275005,-2.00689006675095,-1.05648185874915,0.000151988991968333,"WRN-WT","SM(d17:1/18:1(12Z)-2OH(9,10))"
-1.23952699894529,-1.71473110294619,-0.764322894944393,0.000497486017000393,"shPGC-WT","SM(d17:1/18:1(12Z)-2OH(9,10))"
3.58258873561983,1.85866230290488,5.30651516833478,0.00169937820352473,"WRN-WT","CE(15M5)"
1.80097768833486,0.0770512556199132,3.52490412104981,0.0422753493832215,"shPGC-WT","CE(15M5)"
-1.78161104728497,-3.50553747999992,-0.0576846145700216,0.0440880124669863,"shPGC-WRN","CE(15M5)"
0.887437899007407,0.50104713589903,1.27382866211578,0.000996502767045215,"WRN-WT","PG(16:0/20:4(5Z,8Z,11Z,14Z))"
2.35838723990121,1.97199647679283,2.74477800300959,3.37317224885503e-06,"shPGC-WT","PG(16:0/20:4(5Z,8Z,11Z,14Z))"
1.4709493408938,1.08455857778543,1.85734010400218,5.85814701776766e-05,"shPGC-WRN","PG(16:0/20:4(5Z,8Z,11Z,14Z))"
0.918365274648604,0.263835499983296,1.57289504931391,0.0119922410824872,"WRN-WT","PG(16:0/20:3(5Z,8Z,11Z))"
1.65397919284665,0.999449418181346,2.30850896751196,0.000592401584108559,"shPGC-WT","PG(16:0/20:3(5Z,8Z,11Z))"
0.73561391819805,0.0810841435327415,1.39014369286336,0.0315719902346782,"shPGC-WRN","PG(16:0/20:3(5Z,8Z,11Z))"
0.830596994022252,0.549088070388356,1.11210591765615,0.000250406574553552,"shPGC-WT","PG(18:0/18:2(9Z,12Z))"
0.61953280907139,0.338023885437494,0.901041732705286,0.00125327988002955,"shPGC-WRN","PG(18:0/18:2(9Z,12Z))"
-3.98690579857867,-4.81994217976823,-3.15386941738911,1.5134340774825e-05,"WRN-WT","Termitomycesphin F"
-4.11650690947683,-4.94954329066639,-3.28347052828727,1.24392843219301e-05,"shPGC-WT","Termitomycesphin F"
3.54088190025683,2.54577769909362,4.53598610142003,8.64303972601954e-05,"WRN-WT","PC(14:0/22:4(7Z,10Z,13Z,16Z))"
2.07032347646641,1.07521927530321,3.06542767762962,0.00168926009635184,"shPGC-WT","PC(14:0/22:4(7Z,10Z,13Z,16Z))"
-1.47055842379041,-2.46566262495362,-0.475454222627209,0.00941234490359111,"shPGC-WRN","PC(14:0/22:4(7Z,10Z,13Z,16Z))"
-0.910472171910339,-1.53697177234343,-0.28397257147725,0.010183579756059,"WRN-WT","PS(18:0/18:2(9Z,12Z))"
0.974661992468531,0.104544140526095,1.84477984441097,0.0320041782146261,"WRN-WT","PE(20:0/18:1(12Z)-O(9S,10R))"
1.68350289731119,0.813385045368758,2.55362074925363,0.00246966690170847,"shPGC-WT","PE(20:0/18:1(12Z)-O(9S,10R))"
-0.960019195088306,-1.64493003694582,-0.275108353230797,0.0120484638592221,"WRN-WT","PS(18:0/18:1(9Z))"
-0.971009769871571,-1.65592061172908,-0.286098928014062,0.0114304431755861,"shPGC-WT","PS(18:0/18:1(9Z))"
-0.955594551743257,-1.87221166427353,-0.0389774392129832,0.0426194628579233,"WRN-WT","PE(18:1(11Z)/22:6(4Z,7Z,10Z,13Z,16Z,19Z))"
-1.54009354569799,-2.45671065822827,-0.623476433167719,0.0050536177246765,"shPGC-WT","PE(18:1(11Z)/22:6(4Z,7Z,10Z,13Z,16Z,19Z))"
-0.657238134759075,-1.15324933594619,-0.161226933571959,0.0155628715057208,"WRN-WT","PS(18:0/18:0)"
-0.625530451637364,-1.12154165282448,-0.129519250450247,0.0193782839981769,"shPGC-WT","PS(18:0/18:0)"
0.952084938351131,0.33733039373857,1.56683948296369,0.00752662199019949,"shPGC-WT","PG(16:0/22:6(4Z,7Z,10Z,13Z,16Z,19Z))"
1.99430366775875,1.34692785299933,2.64167948251818,0.000196383728151339,"WRN-WT","PG(16:0/22:4(7Z,10Z,13Z,16Z))"
1.86567885942842,1.21830304466899,2.51305467418784,0.000285731969085989,"shPGC-WT","PG(16:0/22:4(7Z,10Z,13Z,16Z))"
1.83642208153724,1.27014909867833,2.40269506439615,0.000146798889720801,"WRN-WT","PC(20:0/P-18:0)"
0.738943855965438,0.172670873106527,1.30521683882435,0.0166655558982922,"shPGC-WT","PC(20:0/P-18:0)"
-1.0974782255718,-1.66375120843071,-0.531205242712888,0.00244812197966648,"shPGC-WRN","PC(20:0/P-18:0)"
0.679852026942836,0.0362251438049791,1.32347891008069,0.0404894799144034,"shPGC-WT","PS(22:2(13Z,16Z)/15:0)"
-0.933003710936147,-1.59123169494369,-0.274775726928604,0.011440521162883,"WRN-WT","PS(15:0/22:0)"
-1.02911496278125,-1.68734294678879,-0.370886978773704,0.00719050416089717,"shPGC-WT","PS(15:0/22:0)"
-1.12751501323982,-1.54416996954576,-0.710860056933894,0.000405864611880635,"WRN-WT","PC(DiMe(9,3)/18:1(12Z)-O(9S,10R))"
-1.03563801392708,-1.45229297023301,-0.61898305762115,0.000648521985903372,"shPGC-WT","PC(DiMe(9,3)/18:1(12Z)-O(9S,10R))"
-1.48338908700843,-2.29117966413501,-0.67559850988184,0.00323064164080911,"shPGC-WT","PS(18:0/20:4(8Z,11Z,14Z,17Z))"
1.66076093562348,0.578066610765417,2.74345526048154,0.00788225294229095,"shPGC-WT","PE(22:0/18:1(12Z)-O(9S,10R))"
-0.955167513267889,-1.62598327854699,-0.284351747988791,0.0112022232384179,"WRN-WT","6-O-myristoyl-6'-O-oleoyltrehalose"
-3.39611456537015,-3.9323642356728,-2.8598648950675,2.72750090224427e-06,"WRN-WT","Bouillonamide A"
-3.48389385221447,-4.02014352251711,-2.94764418191182,2.37019647353343e-06,"shPGC-WT","Bouillonamide A"
1.17365882414078,0.684898747197957,1.6624189010836,0.000782923585188056,"WRN-WT","PG(18:2(9Z,12Z)/22:6(4Z,7Z,10Z,13Z,16Z,19Z))"
1.5843597738688,1.09559969692598,2.07311985081163,0.000147161441603427,"shPGC-WT","PG(18:2(9Z,12Z)/22:6(4Z,7Z,10Z,13Z,16Z,19Z))"
-1.15101461483695,-1.82671506161301,-0.475314168060892,0.00471983257435293,"WRN-WT","Nodulapeptin 823"
-1.17330257033484,-1.84900301711089,-0.49760212355878,0.00428821263622048,"shPGC-WT","Nodulapeptin 823"
-2.10030414363581,-2.62206581454414,-1.57854247272748,4.23692157902611e-05,"WRN-WT","PI(16:0/18:2(9Z,12Z))"
-1.27220322533373,-1.79396489624206,-0.7504415544254,0.000720358728799719,"shPGC-WT","PI(16:0/18:2(9Z,12Z))"
0.828100918302079,0.306339247393751,1.34986258921041,0.00668567937568987,"shPGC-WRN","PI(16:0/18:2(9Z,12Z))"
-1.5829842706702,-2.28569423562286,-0.880274305717549,0.00110601491614015,"WRN-WT","PC(20:3(5Z,8Z,11Z)-O(14R,15S)/DiMe(9,3))"
-1.65711992788464,-2.35982989283729,-0.954409962931986,0.000863892408116351,"shPGC-WT","PC(20:3(5Z,8Z,11Z)-O(14R,15S)/DiMe(9,3))"
-1.44645095442159,-2.53090469048375,-0.361997218359428,0.0151083931855773,"WRN-WT","PS(18:0/22:6(4Z,7Z,10Z,13Z,16Z,19Z))"
-2.2774859274149,-3.36193966347706,-1.19303219135274,0.00160754490118686,"shPGC-WT","PS(18:0/22:6(4Z,7Z,10Z,13Z,16Z,19Z))"
-2.41915056144173,-2.90730968027011,-1.93099144261334,1.22228672565505e-05,"WRN-WT","PI(16:0/18:1(11Z))"
-2.21435302348909,-2.70251214231747,-1.7261939046607,2.09296864885911e-05,"shPGC-WT","PI(16:0/18:1(11Z))"
-1.52364915705485,-1.90409477495177,-1.14320353915792,4.36489327559908e-05,"WRN-WT","PS(18:0/22:5(7Z,10Z,13Z,16Z,19Z))"
-1.74584469406685,-2.12629031196378,-1.36539907616993,1.95238951663512e-05,"shPGC-WT","PS(18:0/22:5(7Z,10Z,13Z,16Z,19Z))"
-1.31667818611237,-1.75217981243602,-0.881176559788728,0.00021829980698751,"WRN-WT","PS(18:0/22:4(7Z,10Z,13Z,16Z))"
-1.70734486965394,-2.14284649597758,-1.27184324333029,4.94114888582864e-05,"shPGC-WT","PS(18:0/22:4(7Z,10Z,13Z,16Z))"
-1.04748059561177,-1.45898597644637,-0.635975214777159,0.000569116050504248,"shPGC-WT","PS(18:1(11Z)/22:2(13Z,16Z))"
-0.7493407784655,-1.16084615930011,-0.337835397630893,0.00337217504271048,"shPGC-WRN","PS(18:1(11Z)/22:2(13Z,16Z))"
-0.954668021664281,-1.57607860213674,-0.333257441191826,0.00782391700478424,"shPGC-WT","PE(22:0/PGJ2)"
-2.02231441920146,-2.59155395198754,-1.45307488641539,8.72209234503707e-05,"WRN-WT","PI(16:0/20:3(5Z,8Z,11Z))"
-1.37084966604903,-1.94008919883511,-0.801610133262957,0.000770767684890483,"shPGC-WT","PI(16:0/20:3(5Z,8Z,11Z))"
0.651464753152431,0.0822252203663558,1.22070428593851,0.0293017460697228,"shPGC-WRN","PI(16:0/20:3(5Z,8Z,11Z))"
-2.02231441920146,-2.59155395198754,-1.45307488641539,8.72209234503707e-05,"WRN-WT","PI(16:0/20:3(5Z,8Z,11Z))"
-1.37084966604903,-1.94008919883511,-0.801610133262957,0.000770767684890483,"shPGC-WT","PI(16:0/20:3(5Z,8Z,11Z))"
0.651464753152431,0.0822252203663558,1.22070428593851,0.0293017460697228,"shPGC-WRN","PI(16:0/20:3(5Z,8Z,11Z))"
-1.66620759591057,-2.24521855717646,-1.08719663464467,0.00028809262106555,"WRN-WT","PI(16:0/20:2(11Z,14Z))"
-1.29367128284574,-1.87268224411163,-0.714660321579845,0.00115582169829564,"shPGC-WT","PI(16:0/20:2(11Z,14Z))"
-1.66620759591057,-2.24521855717646,-1.08719663464467,0.00028809262106555,"WRN-WT","PI(16:0/20:2(11Z,14Z))"
-1.29367128284574,-1.87268224411163,-0.714660321579845,0.00115582169829564,"shPGC-WT","PI(16:0/20:2(11Z,14Z))"
1.30400414874859,0.809428852303926,1.79857944519325,0.00046879051476556,"WRN-WT","PG(22:6(4Z,7Z,10Z,13Z,16Z,19Z)/22:6(4Z,7Z,10Z,13Z,16Z,19Z))"
0.709121386124455,0.214546089679794,1.20369668256912,0.0108464239047421,"shPGC-WT","PG(22:6(4Z,7Z,10Z,13Z,16Z,19Z)/22:6(4Z,7Z,10Z,13Z,16Z,19Z))"
-0.594882762624132,-1.08945805906879,-0.100307466179471,0.0237757944393278,"shPGC-WRN","PG(22:6(4Z,7Z,10Z,13Z,16Z,19Z)/22:6(4Z,7Z,10Z,13Z,16Z,19Z))"
0.825738768284689,0.193924420932569,1.45755311563681,0.0165517417604912,"WRN-WT","PG(22:5(4Z,7Z,10Z,13Z,16Z)/22:6(4Z,7Z,10Z,13Z,16Z,19Z))"
-0.73960130109578,-1.3714156484479,-0.10778695374366,0.0266688445912543,"shPGC-WRN","PG(22:5(4Z,7Z,10Z,13Z,16Z)/22:6(4Z,7Z,10Z,13Z,16Z,19Z))"
1.50440773190275,0.874408562374072,2.13440690143142,0.000807018161877116,"WRN-WT","PE(22:2(13Z,16Z)/22:6(5Z,8E,10Z,13Z,15E,19Z)-2OH(7S, 17S))"
1.4668896454801,0.836890475951424,2.09688881500877,0.000925459873555079,"shPGC-WT","PE(22:2(13Z,16Z)/22:6(5Z,8E,10Z,13Z,15E,19Z)-2OH(7S, 17S))"
2.14198759707754,0.814502945561741,3.46947224859333,0.0061682223846139,"WRN-WT","PI(18:4(6Z,9Z,12Z,15Z)/20:5(5Z,8Z,11Z,14Z,17Z))"
1.92463815315293,0.597153501637137,3.25212280466873,0.0102969912960824,"shPGC-WT","PI(18:4(6Z,9Z,12Z,15Z)/20:5(5Z,8Z,11Z,14Z,17Z))"
-0.976705597532261,-1.58875742483293,-0.36465377023159,0.00651092646775164,"WRN-WT","PI(16:0/22:5(4Z,7Z,10Z,13Z,16Z))"
0.665708272414194,0.0536564451135227,1.27776009971487,0.036049506998117,"shPGC-WRN","PI(16:0/22:5(4Z,7Z,10Z,13Z,16Z))"
2.23008876827762,1.47451478055158,2.98566275600367,0.000249930990482872,"WRN-WT","PE(24:1(15Z)/22:6(5Z,7Z,10Z,13Z,16Z,19Z)-OH(4))"
1.05493582456956,0.299361836843516,1.8105098122956,0.0122674264862782,"shPGC-WT","PE(24:1(15Z)/22:6(5Z,7Z,10Z,13Z,16Z,19Z)-OH(4))"
-1.17515294370806,-1.93072693143411,-0.419578955982021,0.00737425000714687,"shPGC-WRN","PE(24:1(15Z)/22:6(5Z,7Z,10Z,13Z,16Z,19Z)-OH(4))"
-1.97571962751397,-3.31604896913132,-0.635390285896616,0.00952554653300097,"WRN-WT","SM(d19:0/LTE4)"
-3.41754995426314,-4.75787929588049,-2.07722061264579,0.00056386000651798,"shPGC-WT","SM(d19:0/LTE4)"
-1.44183032674917,-2.78215966836652,-0.101500985131819,0.0376730311459689,"shPGC-WRN","SM(d19:0/LTE4)"
-1.32407255217589,-2.25154203568451,-0.396603068667273,0.0110668199890502,"shPGC-WT","PC(22:3(10Z,13Z,16Z)/PGJ2)"
-1.15519332701898,-1.62644915794697,-0.68393749609099,0.000699710808778065,"WRN-WT","PI(18:0/22:6(4Z,7Z,10Z,13Z,16Z,19Z))"
-0.948857632598764,-1.42011346352676,-0.477601801670772,0.00200669980982493,"shPGC-WT","PI(18:0/22:6(4Z,7Z,10Z,13Z,16Z,19Z))"
2.68960166152098,1.76260954256131,3.61659378048064,0.000275127249804274,"WRN-WT","PE-GlcGlcDG(P-14:0/16:1(9Z))"
1.2324936834561,0.30550156449644,2.15948580241577,0.0153267222044623,"shPGC-WT","PE-GlcGlcDG(P-14:0/16:1(9Z))"
-1.45710797806487,-2.38410009702454,-0.53011585910521,0.00700644648227944,"shPGC-WRN","PE-GlcGlcDG(P-14:0/16:1(9Z))"
4.47818187116652,2.80458070300118,6.15178303933187,0.000432051687327184,"WRN-WT","PI(20:0/22:6(5Z,8E,10Z,13Z,15E,19Z)-2OH(7S, 17S))"
2.51836051230214,0.844759344136795,4.19196168046748,0.00863916134972309,"shPGC-WT","PI(20:0/22:6(5Z,8E,10Z,13Z,15E,19Z)-2OH(7S, 17S))"
-1.95982135886438,-3.63342252702973,-0.28622019069904,0.0266285921994509,"shPGC-WRN","PI(20:0/22:6(5Z,8E,10Z,13Z,15E,19Z)-2OH(7S, 17S))"
2.85412169938936,1.76771320272639,3.94053019605234,0.000478234958986357,"WRN-WT","Hypelcin B-III"
1.32943823698087,0.243029740317901,2.41584673364385,0.0220854725548352,"shPGC-WT","Hypelcin B-III"
-1.52468346240849,-2.61109195907146,-0.438274965745517,0.0119794387263901,"shPGC-WRN","Hypelcin B-III"
3.42755495726535,2.62862486931089,4.2264850452198,2.9159392598066e-05,"WRN-WT","Folic acid"
-3.71392781899372,-4.51285790694817,-2.91499773103926,1.80606424331486e-05,"shPGC-WRN","Folic acid"
